{
  "lang":"en",
  "name":"pipeline",
  "version":"0.0.0",
  "spacy_version":">=3.7.5,<3.8.0",
  "description":"",
  "author":"",
  "email":"",
  "url":"",
  "license":"",
  "spacy_git_version":"a6d0fc360",
  "vectors":{
    "width":0,
    "vectors":0,
    "keys":0,
    "name":null,
    "mode":"default"
  },
  "labels":{
    "tok2vec":[

    ],
    "ner":[
      "ENDOCRINE_DISRUPTING_CHEMICAL",
      "TARGET"
    ]
  },
  "pipeline":[
    "tok2vec",
    "ner"
  ],
  "components":[
    "tok2vec",
    "ner"
  ],
  "disabled":[

  ],
  "performance":{
    "ents_f":0.9982703949,
    "ents_p":0.9976951887,
    "ents_r":0.9988462648,
    "ents_per_type":{
      "ENDOCRINE_DISRUPTING_CHEMICAL":{
        "p":0.9972624169,
        "r":0.9992163009,
        "f":0.9982384028
      },
      "TARGET":{
        "p":0.9989059081,
        "r":0.9978142077,
        "f":0.9983597594
      }
    },
    "tok2vec_loss":855.7750157738,
    "ner_loss":193.3173491578
  }
}