{
  "lang":"en",
  "name":"pipeline",
  "version":"0.0.0",
  "spacy_version":">=3.7.5,<3.8.0",
  "description":"",
  "author":"",
  "email":"",
  "url":"",
  "license":"",
  "spacy_git_version":"a6d0fc360",
  "vectors":{
    "width":0,
    "vectors":0,
    "keys":0,
    "name":null,
    "mode":"default"
  },
  "labels":{
    "tok2vec":[

    ],
    "ner":[
      "ENDOCRINE_DISRUPTING_CHEMICAL",
      "TARGET"
    ]
  },
  "pipeline":[
    "tok2vec",
    "ner"
  ],
  "components":[
    "tok2vec",
    "ner"
  ],
  "disabled":[

  ],
  "performance":{
    "ents_f":0.9988472622,
    "ents_p":0.9982718894,
    "ents_r":0.9994232987,
    "ents_per_type":{
      "ENDOCRINE_DISRUPTING_CHEMICAL":{
        "p":0.9980438185,
        "r":0.9992166079,
        "f":0.9986298689
      },
      "TARGET":{
        "p":0.9989082969,
        "r":1.0,
        "f":0.9994538504
      }
    },
    "tok2vec_loss":1072.7115708038,
    "ner_loss":196.3288673914
  }
}