{
  "lang":"en",
  "name":"pipeline",
  "version":"0.0.0",
  "spacy_version":">=3.7.5,<3.8.0",
  "description":"",
  "author":"",
  "email":"",
  "url":"",
  "license":"",
  "spacy_git_version":"a6d0fc360",
  "vectors":{
    "width":0,
    "vectors":0,
    "keys":0,
    "name":null,
    "mode":"default"
  },
  "labels":{
    "tok2vec":[

    ],
    "ner":[
      "ENDOCRINE_DISRUPTING_CHEMICAL",
      "TARGET"
    ]
  },
  "pipeline":[
    "tok2vec",
    "ner"
  ],
  "components":[
    "tok2vec",
    "ner"
  ],
  "disabled":[

  ],
  "performance":{
    "ents_f":0.9987029831,
    "ents_p":0.9982713915,
    "ents_r":0.9991349481,
    "ents_per_type":{
      "ENDOCRINE_DISRUPTING_CHEMICAL":{
        "p":0.9984338293,
        "r":0.9988249119,
        "f":0.9986293323
      },
      "TARGET":{
        "p":0.9978189749,
        "r":1.0,
        "f":0.9989082969
      }
    },
    "tok2vec_loss":1066.5634615062,
    "ner_loss":163.9508467238
  }
}